outbreak_setting,causative_agent,month,duration
Retirement Home,Parainfluenza,2,10.736893741304952
Retirement Home,Enterovirus/Rhinovirus,10,33.153391859654164
Hospital-Chronic Care,Influenza,5,3.5033862591557554
Retirement Home,Metapneumovirus,3,11.15926259452343
LTCH,Respiratory syncytial virus,5,19.470857965444253
Retirement Home,Enterovirus/Rhinovirus,2,-0.7999056951244654
Hospital-Chronic Care,Norovirus,3,-12.647190728071422
Retirement Home,Influenza,7,18.07461864085075
Hospital−Acute Care,COVID-19,2,-2.826945779636759
Retirement Home,Norovirus,10,28.023131261534665
Hospital-Chronic Care,Coronavirus,1,17.304776878615094
Hospital−Acute Care,Coronavirus,12,23.08607607166909
Hospital−Acute Care,COVID-19,1,15.486124753699375
Hospital-Psychiatric,Norovirus,2,-6.378364902486009
Hospital-Chronic Care,Norovirus,3,22.573192369465872
Hospital-Chronic Care,COVID-19,7,10.963371924082468
LTCH,Influenza,4,37.434825314161984
Retirement Home,Respiratory syncytial virus,12,14.395912678649461
Hospital−Acute Care,Parainfluenza,1,27.694030599343545
Hospital−Acute Care,COVID-19,2,17.29742583868308
Hospital-Psychiatric,Coronavirus,1,13.544624705190973
Hospital-Psychiatric,COVID-19,9,-4.9354080622064345
LTCH,Parainfluenza,9,-3.064807590137317
LTCH,Parainfluenza,9,25.373497930218036
Hospital−Acute Care,Enterovirus/Rhinovirus,10,14.424745401263035
LTCH,Respiratory syncytial virus,1,0.6332121466969394
LTCH,Coronavirus,1,1.872874984934402
Hospital−Acute Care,Norovirus,5,0.7404308429598352
Hospital-Psychiatric,Metapneumovirus,1,3.6083943724862593
LTCH,Metapneumovirus,12,7.726335762635892
Retirement Home,Influenza,3,9.10466144917907
LTCH,Respiratory syncytial virus,7,9.371164411360638
Retirement Home,Respiratory syncytial virus,11,14.909206360450472
Hospital-Psychiatric,Coronavirus,11,-6.638814600958575
Hospital-Psychiatric,Metapneumovirus,8,1.1477551497468443
LTCH,COVID-19,7,42.4364642029118
Hospital−Acute Care,Parainfluenza,10,7.354989460547234
Hospital-Psychiatric,Enterovirus/Rhinovirus,2,15.083733254354726
Retirement Home,Influenza,3,-4.962787226023455
Hospital-Chronic Care,COVID-19,4,8.99929183657972
LTCH,Respiratory syncytial virus,10,4.580789533116457
Hospital-Psychiatric,Parainfluenza,1,27.29966206042743
Retirement Home,Influenza,1,16.233464989034797
Hospital-Psychiatric,Coronavirus,11,-11.924542035614909
Hospital-Psychiatric,Influenza,11,10.930048220312688
Retirement Home,COVID-19,12,-10.058907774413246
Hospital-Psychiatric,Influenza,5,-2.6906333608028277
Retirement Home,Coronavirus,5,34.62100493932674
LTCH,Coronavirus,7,11.556155021408262
LTCH,Enterovirus/Rhinovirus,12,23.033718540059365
Retirement Home,COVID-19,4,-19.073199368728332
LTCH,Parainfluenza,9,0.6977191295321017
Retirement Home,Metapneumovirus,9,-6.838049756506212
Hospital-Chronic Care,Norovirus,2,22.140585527008216
Hospital−Acute Care,Coronavirus,3,-3.693978677195634
LTCH,Respiratory syncytial virus,9,6.99450280854441
LTCH,Metapneumovirus,2,22.735499172343722
Retirement Home,Enterovirus/Rhinovirus,8,18.313343249775315
Retirement Home,Metapneumovirus,4,-10.478791008844375
Hospital-Chronic Care,Coronavirus,10,3.404589608521448
Hospital-Psychiatric,Parainfluenza,11,16.83420074326431
Hospital-Chronic Care,COVID-19,10,38.39753400036136
Hospital-Chronic Care,Parainfluenza,8,25.647504257265513
Hospital-Psychiatric,Influenza,5,1.9464216887665593
Hospital-Chronic Care,Influenza,9,40.07787646380483
Hospital-Chronic Care,COVID-19,6,-22.988422022144718
LTCH,Influenza,12,2.1921005310530433
Hospital−Acute Care,Enterovirus/Rhinovirus,2,4.695593037651795
Hospital−Acute Care,Parainfluenza,6,-19.56470888962516
Hospital-Psychiatric,Parainfluenza,8,19.105767843434364
Hospital-Psychiatric,Enterovirus/Rhinovirus,3,-4.2539766711558435
Hospital−Acute Care,Metapneumovirus,12,14.092223044439677
Hospital-Chronic Care,Enterovirus/Rhinovirus,1,4.495473411422735
Hospital-Psychiatric,Influenza,9,24.188551112558883
Hospital-Psychiatric,Coronavirus,5,12.91487497166283
Hospital−Acute Care,Coronavirus,5,16.02924148737681
Hospital-Psychiatric,Norovirus,12,14.166330944912952
Hospital-Psychiatric,Influenza,3,8.074371906430624
Hospital-Chronic Care,Norovirus,3,-5.4694718090847125
LTCH,Metapneumovirus,8,13.222345214063598
Hospital-Psychiatric,Coronavirus,9,31.56610947350908
Retirement Home,Influenza,12,2.5496772890048938
Hospital-Chronic Care,COVID-19,1,26.79008708321756
Retirement Home,COVID-19,2,0.37751368520731887
Hospital-Chronic Care,Norovirus,5,35.4246103988269
Hospital-Psychiatric,Respiratory syncytial virus,6,21.472259013292096
Hospital-Chronic Care,Coronavirus,5,11.40606999969519
Retirement Home,Influenza,7,23.180165145860812
Retirement Home,Respiratory syncytial virus,9,17.708984574625877
LTCH,Coronavirus,4,-8.654088295254631
Hospital-Chronic Care,Metapneumovirus,12,-11.194592196654895
Hospital-Chronic Care,Metapneumovirus,3,21.889810742109177
Hospital−Acute Care,Enterovirus/Rhinovirus,9,-2.2229073271634334
Retirement Home,Enterovirus/Rhinovirus,11,29.84782655152113
Hospital-Chronic Care,COVID-19,9,10.183261088859684
Hospital-Psychiatric,Coronavirus,12,9.100700966221869
Hospital-Chronic Care,Enterovirus/Rhinovirus,11,15.722627737988427
Hospital−Acute Care,Coronavirus,4,17.012630334233826
Hospital−Acute Care,Enterovirus/Rhinovirus,1,21.785127648993836
Hospital−Acute Care,Parainfluenza,6,-10.627726902026154
Retirement Home,COVID-19,12,13.061804191387354
Retirement Home,Coronavirus,12,7.5715130058309015
Retirement Home,Metapneumovirus,6,18.279760504415624
LTCH,COVID-19,6,2.80997328614896
LTCH,Parainfluenza,4,7.647338547482625
Hospital-Chronic Care,Coronavirus,12,11.07525977727905
Hospital-Psychiatric,Enterovirus/Rhinovirus,5,-19.21969591447597
Hospital−Acute Care,COVID-19,1,36.26753298687492
LTCH,Influenza,9,10.327593496996183
Hospital-Chronic Care,COVID-19,2,3.6000166434816183
LTCH,COVID-19,1,8.764489384782275
Hospital-Psychiatric,Respiratory syncytial virus,1,21.422563679977152
LTCH,Coronavirus,6,9.968811752489508
Hospital−Acute Care,Parainfluenza,9,10.274308208602054
Hospital-Psychiatric,Respiratory syncytial virus,5,33.507622324330924
Retirement Home,Respiratory syncytial virus,4,3.818656281864092
Retirement Home,COVID-19,4,-11.725767629551733
Hospital-Chronic Care,Enterovirus/Rhinovirus,9,-16.481852687459757
Hospital-Psychiatric,COVID-19,8,18.298877181975367
LTCH,COVID-19,6,8.501596047532487
LTCH,COVID-19,3,15.265132429108576
Hospital-Psychiatric,Norovirus,12,32.34617840720234
Hospital-Psychiatric,Parainfluenza,12,-16.21621175813108
Hospital−Acute Care,Respiratory syncytial virus,9,-7.204366769484636
Retirement Home,Coronavirus,10,30.641759930630577
Hospital-Chronic Care,Parainfluenza,4,8.106416365312217
Retirement Home,Enterovirus/Rhinovirus,7,-2.6264995951986094
Hospital−Acute Care,Coronavirus,6,28.522126352009558
Hospital−Acute Care,Norovirus,3,19.046046491807438
Hospital-Chronic Care,Parainfluenza,1,15.190438588138619
Hospital-Chronic Care,Influenza,3,4.1255925014491925
Hospital-Psychiatric,Influenza,3,9.074681308659589
LTCH,Metapneumovirus,2,13.803856770370555
LTCH,Enterovirus/Rhinovirus,4,1.4549187846532448
Hospital-Psychiatric,Influenza,6,32.977752122660256
Hospital-Chronic Care,Coronavirus,1,27.29256181729434
LTCH,Parainfluenza,4,-8.093242928770707
Retirement Home,Enterovirus/Rhinovirus,10,14.629673933697319
Hospital−Acute Care,COVID-19,6,-4.36888317559319
Hospital-Psychiatric,COVID-19,8,14.728854468260176
Hospital-Chronic Care,Respiratory syncytial virus,7,4.896667199306261
Hospital−Acute Care,Coronavirus,9,11.310351859813931
Retirement Home,Enterovirus/Rhinovirus,5,42.197264772352725
Hospital−Acute Care,Influenza,2,16.896517918357603
Hospital-Psychiatric,Norovirus,6,8.416955650892627
Hospital-Chronic Care,Influenza,9,6.428560386693037
LTCH,Norovirus,7,1.43963485741323
LTCH,Influenza,12,18.640846860796284
LTCH,COVID-19,10,3.6527718036620413
Hospital−Acute Care,Influenza,6,18.437874401978203
Hospital−Acute Care,Enterovirus/Rhinovirus,7,6.329659218587409
Hospital−Acute Care,Enterovirus/Rhinovirus,2,22.389872992125742
Hospital-Psychiatric,Influenza,4,-2.9893505715578286
Hospital-Chronic Care,Enterovirus/Rhinovirus,12,14.057198638927023
Retirement Home,Enterovirus/Rhinovirus,5,4.183993081455322
Hospital-Chronic Care,Norovirus,7,17.060274343285876
Hospital-Chronic Care,Enterovirus/Rhinovirus,7,29.574101389360873
Retirement Home,Coronavirus,12,28.94133412255152
Hospital−Acute Care,Metapneumovirus,5,31.208753815332052
Retirement Home,Norovirus,3,22.258524763587236
LTCH,Enterovirus/Rhinovirus,6,-0.5553633511169256
Hospital-Psychiatric,Influenza,9,22.605326492870933
LTCH,Respiratory syncytial virus,5,-1.8676087849870164
Retirement Home,Influenza,12,-0.9875763407095395
LTCH,Norovirus,5,28.318960703605253
Hospital−Acute Care,Enterovirus/Rhinovirus,11,23.64734191674991
Hospital−Acute Care,Metapneumovirus,2,-5.648929749066639
LTCH,Respiratory syncytial virus,1,5.677432259502673
LTCH,Parainfluenza,8,32.77786500229148
Hospital−Acute Care,Norovirus,9,17.191826717673077
Hospital−Acute Care,COVID-19,9,25.924818996291894
Retirement Home,Coronavirus,3,2.111275484808427
LTCH,Coronavirus,6,-6.821363372017743
Hospital−Acute Care,Coronavirus,12,-5.8601031608081975
Hospital-Psychiatric,Influenza,4,28.502712089574054
Hospital-Chronic Care,Respiratory syncytial virus,8,0.151904820341894
Hospital-Chronic Care,COVID-19,4,6.189421681602022
Hospital−Acute Care,Parainfluenza,3,3.4051670125861957
Hospital-Chronic Care,Parainfluenza,6,11.812464426301956
Hospital−Acute Care,COVID-19,6,27.373961268773026
Hospital-Psychiatric,Enterovirus/Rhinovirus,8,8.556897349174042
LTCH,Influenza,10,-6.782564821672899
Hospital-Psychiatric,COVID-19,4,-5.275026131548714
Hospital-Chronic Care,Respiratory syncytial virus,1,11.334783364795772
Hospital-Psychiatric,Parainfluenza,2,16.66108084762294
Hospital-Chronic Care,Respiratory syncytial virus,8,24.21185809298067
Hospital-Chronic Care,Respiratory syncytial virus,12,22.857255695676052
Retirement Home,Coronavirus,10,7.445042641162853
Hospital−Acute Care,Influenza,2,16.71472049495106
Retirement Home,Norovirus,9,11.997285177449562
LTCH,Influenza,9,41.547139774104636
Hospital-Chronic Care,Norovirus,4,0.026693896845436882
Hospital-Psychiatric,Metapneumovirus,3,47.54948207365402
Hospital-Psychiatric,Influenza,1,9.284012523375797
Hospital-Psychiatric,Influenza,1,26.257382339316784
Hospital-Psychiatric,Metapneumovirus,7,6.869291174777814
Retirement Home,Norovirus,10,18.477047929749958
Hospital-Psychiatric,Respiratory syncytial virus,2,-3.180555362937099
LTCH,Influenza,2,9.0957667614174
Retirement Home,Norovirus,3,5.711180063035581
Hospital-Psychiatric,Parainfluenza,5,18.34595808126627
Hospital-Psychiatric,COVID-19,7,18.973772658183425
Hospital-Psychiatric,Enterovirus/Rhinovirus,2,49.083889207106935
Hospital-Chronic Care,Parainfluenza,11,10.92356401415659
Hospital−Acute Care,Influenza,10,44.47942438083139
LTCH,Respiratory syncytial virus,2,-1.547811016059324
LTCH,Norovirus,7,11.3707861836615
LTCH,Influenza,5,9.946681183968796
Hospital-Psychiatric,Norovirus,10,8.078052586117032
Retirement Home,Metapneumovirus,7,27.325391793526933
Hospital-Chronic Care,COVID-19,12,7.9609493677045196
Hospital-Chronic Care,Metapneumovirus,3,6.027512902501872
Hospital-Psychiatric,Norovirus,12,32.05775588580142
Hospital-Psychiatric,COVID-19,7,-13.442300749096045
LTCH,COVID-19,4,22.21930515613196
LTCH,Enterovirus/Rhinovirus,3,12.688566751123211
Hospital-Psychiatric,Metapneumovirus,1,15.142775415343452
Retirement Home,Influenza,5,3.818964050567848
Hospital-Chronic Care,Metapneumovirus,7,22.83607958518339
LTCH,Enterovirus/Rhinovirus,5,17.12468512277563
Hospital-Psychiatric,Coronavirus,1,22.45947811752172
LTCH,Parainfluenza,5,23.159278159056996
Hospital−Acute Care,Enterovirus/Rhinovirus,7,19.670869498603096
LTCH,Coronavirus,11,41.72742312580468
LTCH,Metapneumovirus,9,30.96517421804848
Retirement Home,Norovirus,12,7.451791261114703
LTCH,Coronavirus,12,27.97815725340084
Hospital-Chronic Care,COVID-19,1,33.42552717893844
Retirement Home,Respiratory syncytial virus,8,2.8695278748421664
LTCH,Influenza,2,30.206568932033473
LTCH,COVID-19,5,11.534253557364488
LTCH,COVID-19,4,32.97370344878972
Retirement Home,Metapneumovirus,8,48.60285881857885
Hospital−Acute Care,Respiratory syncytial virus,8,42.81490452184761
Hospital-Chronic Care,Respiratory syncytial virus,8,19.31109017859002
Hospital-Chronic Care,Enterovirus/Rhinovirus,5,19.38669351267724
Hospital-Psychiatric,Metapneumovirus,9,17.821958042147216
LTCH,Norovirus,12,9.528291202102393
Retirement Home,Norovirus,10,14.967872653228568
LTCH,Respiratory syncytial virus,9,33.8001148460306
LTCH,Coronavirus,2,5.603401184956377
Hospital−Acute Care,Parainfluenza,6,11.20878519943276
Hospital−Acute Care,Influenza,10,-2.725910975968194
Retirement Home,Parainfluenza,4,32.3765516004565
Hospital-Chronic Care,Respiratory syncytial virus,2,19.536484049957245
Hospital-Chronic Care,Enterovirus/Rhinovirus,10,3.5612063761760755
Hospital-Chronic Care,Coronavirus,7,7.024367530287897
Retirement Home,Influenza,11,15.524602780378535
LTCH,Parainfluenza,5,12.670288222840238
Hospital-Chronic Care,Influenza,2,29.216286867047565
Hospital-Chronic Care,Coronavirus,3,-3.660143065698751
Hospital−Acute Care,Metapneumovirus,4,37.10618159737851
Hospital-Psychiatric,COVID-19,11,13.58172953178614
Retirement Home,COVID-19,2,35.77720795287999
Hospital−Acute Care,Enterovirus/Rhinovirus,9,13.98448277750737
Hospital-Psychiatric,Metapneumovirus,7,28.267704332077656
LTCH,Influenza,8,23.74107130193196
Retirement Home,Metapneumovirus,4,10.285443821086094
Hospital-Psychiatric,Metapneumovirus,7,23.20662713052331
Hospital-Psychiatric,Norovirus,3,-3.225661642309724
Hospital-Psychiatric,Respiratory syncytial virus,6,40.24178290167785
LTCH,Influenza,10,-1.9754879518466115
Hospital-Psychiatric,Norovirus,5,6.092640181658992
LTCH,Parainfluenza,6,11.713718743724172
LTCH,COVID-19,1,-10.705782548841164
Retirement Home,Parainfluenza,2,41.715548382794495
Hospital-Psychiatric,Parainfluenza,6,-7.497533782093498
Hospital-Psychiatric,Enterovirus/Rhinovirus,12,41.12162016226762
Hospital−Acute Care,Norovirus,10,19.361636939587065
Retirement Home,Enterovirus/Rhinovirus,1,3.2372924242631456
Retirement Home,Parainfluenza,11,3.400964567474901
Retirement Home,Norovirus,4,22.483602269818853
Hospital−Acute Care,Norovirus,8,27.989331235582007
Hospital-Psychiatric,Parainfluenza,3,35.220765414060295
Retirement Home,Enterovirus/Rhinovirus,7,-5.980232575251666
Retirement Home,Enterovirus/Rhinovirus,1,-12.137235680285343
Hospital−Acute Care,Enterovirus/Rhinovirus,2,-4.844020381758469
LTCH,Norovirus,8,0.19645764382379127
LTCH,COVID-19,6,-0.059766279216912466
LTCH,Parainfluenza,12,38.68272304400146
Hospital-Chronic Care,Enterovirus/Rhinovirus,3,-1.5378794613271545
Hospital-Chronic Care,Parainfluenza,3,9.591781836977866
Retirement Home,Coronavirus,8,12.194362839665713
LTCH,COVID-19,1,-4.688833348645645
Hospital-Chronic Care,Norovirus,6,-9.389394940828623
Hospital−Acute Care,Metapneumovirus,12,16.718497180364956
Hospital-Chronic Care,Influenza,9,6.9563795076974895
Hospital−Acute Care,Respiratory syncytial virus,2,0.9443485810938022
Hospital-Psychiatric,COVID-19,5,10.626688997964585
Hospital-Chronic Care,Enterovirus/Rhinovirus,10,-15.761110287442094
Retirement Home,Parainfluenza,1,18.674449381626673
Retirement Home,Norovirus,3,6.824775824053534
LTCH,Respiratory syncytial virus,3,32.392193800001714
Hospital-Chronic Care,Metapneumovirus,11,11.580809852442162
Hospital-Psychiatric,Norovirus,1,26.607428996027874
Retirement Home,COVID-19,1,10.480987381031195
Hospital-Psychiatric,Respiratory syncytial virus,11,22.07415290042976
LTCH,Metapneumovirus,10,18.631570916499598
Hospital-Psychiatric,Parainfluenza,4,4.750446700449606
Retirement Home,Influenza,12,32.143666518379604
Hospital-Chronic Care,Metapneumovirus,5,-1.5726460870900194
Hospital−Acute Care,Respiratory syncytial virus,12,20.749412821953143
LTCH,Parainfluenza,3,22.609058966861987
Hospital-Chronic Care,Influenza,8,39.687447659415994
Hospital-Psychiatric,Enterovirus/Rhinovirus,5,19.818009852161865
Hospital-Chronic Care,Respiratory syncytial virus,8,17.48423397558146
Hospital-Psychiatric,COVID-19,1,36.03566081692367
Retirement Home,Norovirus,7,16.378658510563586
LTCH,Coronavirus,3,21.402265515586667
Hospital-Chronic Care,Norovirus,9,-6.080639976108682
LTCH,COVID-19,7,4.382921692223423
Hospital-Psychiatric,COVID-19,4,12.551612363019963
Hospital−Acute Care,Influenza,8,-0.1286271612527976
Hospital−Acute Care,Respiratory syncytial virus,4,-8.602885268792107
Hospital−Acute Care,Norovirus,4,15.394928673036727
Hospital−Acute Care,Metapneumovirus,8,12.745670376510468
Hospital−Acute Care,Metapneumovirus,11,10.862196320929861
Retirement Home,Coronavirus,6,22.201220688461873
Hospital−Acute Care,Parainfluenza,2,-0.8806283899499725
Hospital-Psychiatric,Respiratory syncytial virus,2,29.379805771950586
Hospital-Psychiatric,Parainfluenza,1,43.43739181353149
Retirement Home,Influenza,11,-11.198861981323045
Hospital−Acute Care,Respiratory syncytial virus,12,12.89017309761952
Hospital-Chronic Care,Metapneumovirus,9,3.1692986263591774
Hospital-Chronic Care,Coronavirus,10,-3.8862109375903877
Hospital-Psychiatric,Enterovirus/Rhinovirus,7,19.79404115311381
Hospital-Psychiatric,Influenza,2,-5.133435909168746
Hospital-Chronic Care,Metapneumovirus,7,-15.559640142924966
LTCH,Parainfluenza,3,14.761681785862363
Hospital-Psychiatric,Enterovirus/Rhinovirus,11,11.26807361380199
Hospital−Acute Care,Norovirus,7,-8.024203669032328
Hospital-Psychiatric,Metapneumovirus,5,10.011144290950222
Hospital-Psychiatric,COVID-19,11,40.932804946322335
Hospital−Acute Care,Metapneumovirus,6,13.686130299738531
Hospital−Acute Care,Metapneumovirus,1,4.4193645663452
LTCH,Enterovirus/Rhinovirus,12,24.721352750314736
Hospital-Chronic Care,Norovirus,1,32.14800335842726
Hospital-Psychiatric,Enterovirus/Rhinovirus,11,35.29504708464359
Hospital-Psychiatric,Respiratory syncytial virus,10,45.161669012043376
LTCH,Respiratory syncytial virus,1,35.640159727730676
Hospital-Chronic Care,Influenza,6,-8.85852060155118
Hospital-Psychiatric,Parainfluenza,5,33.34416841959083
Hospital−Acute Care,Norovirus,4,10.472426835739455
Hospital-Psychiatric,Parainfluenza,9,22.347766266308042
Hospital-Psychiatric,COVID-19,8,23.39409386376981
Hospital-Psychiatric,Influenza,2,32.185851563780176
Hospital−Acute Care,Coronavirus,11,8.979699276393855
Hospital-Chronic Care,Norovirus,12,28.01121076158736
Hospital-Chronic Care,Parainfluenza,7,6.723271074999947
Retirement Home,Metapneumovirus,9,14.618266758701315
Hospital-Psychiatric,Parainfluenza,4,25.09502893667565
Hospital-Chronic Care,Coronavirus,7,10.01682018193441
Hospital−Acute Care,Parainfluenza,2,-9.089535712617465
Hospital-Psychiatric,Metapneumovirus,6,-8.343197985254044
Retirement Home,Norovirus,8,42.545449850043475
Hospital-Psychiatric,Respiratory syncytial virus,7,-6.945566281558559
Hospital-Chronic Care,Influenza,9,34.266547504559384
Hospital-Psychiatric,COVID-19,3,-20.28965624050776
Hospital-Chronic Care,Respiratory syncytial virus,4,-0.6874428253763796
LTCH,Parainfluenza,5,14.769177861980396
LTCH,Enterovirus/Rhinovirus,5,12.070604213333072
Hospital−Acute Care,Enterovirus/Rhinovirus,11,11.748499239543584
Hospital−Acute Care,Parainfluenza,11,6.710371534225304
Hospital-Chronic Care,Norovirus,8,24.03513217642932
Hospital-Psychiatric,Metapneumovirus,5,-0.06515731474730657
LTCH,Respiratory syncytial virus,1,1.3457521924152438
Hospital-Chronic Care,Norovirus,10,23.691373554150758
Retirement Home,COVID-19,11,22.10046211557804
Retirement Home,Metapneumovirus,12,-2.743699329686489
Retirement Home,Coronavirus,8,1.4243400127014798
Hospital−Acute Care,Respiratory syncytial virus,11,16.02675377651717
Retirement Home,Respiratory syncytial virus,7,30.883754639202476
LTCH,Norovirus,1,10.728160539173304
Hospital-Psychiatric,Influenza,10,4.80773496246859
LTCH,Respiratory syncytial virus,4,26.00643910879629
Retirement Home,Norovirus,6,46.121615614881755
Hospital−Acute Care,Parainfluenza,7,19.331108438091622
LTCH,Metapneumovirus,11,3.817240439832368
LTCH,Enterovirus/Rhinovirus,1,22.648772547283286
Retirement Home,Coronavirus,5,-5.3362680848617
Hospital−Acute Care,Influenza,2,33.07702362679967
Hospital-Chronic Care,Parainfluenza,2,28.288443545434465
Hospital-Chronic Care,COVID-19,1,10.797689718675402
Hospital-Chronic Care,Coronavirus,5,3.8709846061879514
Retirement Home,Influenza,4,-1.7506545152046353
Retirement Home,Parainfluenza,1,6.331834525413991
Retirement Home,COVID-19,4,9.384559925614075
LTCH,Coronavirus,4,28.54620809038436
Hospital−Acute Care,Influenza,6,-8.570081807138408
Hospital-Chronic Care,Norovirus,4,44.20241551729783
LTCH,Parainfluenza,11,10.331229612226329
Hospital−Acute Care,Norovirus,8,17.532631438402206
Hospital−Acute Care,Coronavirus,4,45.23629969178175
Hospital−Acute Care,Metapneumovirus,3,28.207008799297842
LTCH,Enterovirus/Rhinovirus,9,12.058611193771934
Hospital-Psychiatric,Norovirus,2,17.873382253077715
LTCH,Influenza,4,-5.583580316629039
Hospital−Acute Care,Enterovirus/Rhinovirus,1,37.88711970499414
LTCH,Coronavirus,4,35.49922946214422
LTCH,COVID-19,12,-2.438898066455181
Retirement Home,Norovirus,10,11.46985831273223
Hospital−Acute Care,Norovirus,3,24.858127321610084
Retirement Home,Respiratory syncytial virus,1,16.951973927292155
Hospital-Chronic Care,Parainfluenza,4,-9.822933256674776
Hospital-Psychiatric,Enterovirus/Rhinovirus,5,24.800168823944034
Hospital−Acute Care,Parainfluenza,6,5.033208920706697
LTCH,Parainfluenza,12,41.57186992698219
Hospital-Psychiatric,Influenza,9,6.110502245908252
Hospital-Chronic Care,Influenza,4,17.14361590573347
Hospital-Chronic Care,Metapneumovirus,11,11.989294385481116
Hospital-Chronic Care,COVID-19,5,12.348690306605947
Hospital-Psychiatric,Influenza,11,15.927460536620938
Hospital−Acute Care,COVID-19,3,11.645936466590966
LTCH,Enterovirus/Rhinovirus,3,-10.880178514651515
LTCH,Influenza,5,0.6777658510833291
Retirement Home,Metapneumovirus,9,32.523465620092594
Hospital−Acute Care,Enterovirus/Rhinovirus,4,-8.481037121271537
Retirement Home,Influenza,6,14.83405862992187
LTCH,Coronavirus,11,19.922241521512703
Hospital−Acute Care,Metapneumovirus,12,18.26425405400253
LTCH,Coronavirus,1,18.808145496801565
Hospital-Psychiatric,Coronavirus,6,17.42970803348387
LTCH,Coronavirus,8,12.282983758028356
LTCH,Norovirus,12,14.36203308837711
Hospital-Chronic Care,Respiratory syncytial virus,12,25.201213885034036
Hospital−Acute Care,Respiratory syncytial virus,2,28.30049129190108
Hospital-Chronic Care,Influenza,5,18.833800915780973
LTCH,Parainfluenza,6,12.159094773908764
Retirement Home,Respiratory syncytial virus,7,1.09198829781886
Retirement Home,Norovirus,12,32.01814595978776
Retirement Home,Influenza,11,28.24527206635615
Hospital−Acute Care,Enterovirus/Rhinovirus,9,-2.9967056652826507
LTCH,Influenza,10,-1.3177627813166346
Hospital−Acute Care,Enterovirus/Rhinovirus,10,11.300405001743687
Retirement Home,COVID-19,9,-23.579984943185906
Retirement Home,Respiratory syncytial virus,7,27.85783259788741
Hospital-Chronic Care,Enterovirus/Rhinovirus,6,7.936388375326311
Retirement Home,Enterovirus/Rhinovirus,4,-4.142435024936567
Hospital-Psychiatric,Parainfluenza,8,11.393304764346528
Retirement Home,Parainfluenza,3,38.78037469789347
Hospital-Psychiatric,Enterovirus/Rhinovirus,4,23.635636599283032
LTCH,Coronavirus,11,24.793833922912587
Hospital−Acute Care,COVID-19,5,-4.594770910005025
Hospital-Chronic Care,COVID-19,12,33.990592009332445
LTCH,Parainfluenza,3,10.750671033007835
Hospital-Chronic Care,Enterovirus/Rhinovirus,1,23.970998513876324
Hospital-Psychiatric,Respiratory syncytial virus,6,13.423191673848546
LTCH,Respiratory syncytial virus,3,6.262310440710585
Hospital−Acute Care,Influenza,2,5.881419163769408
Hospital-Chronic Care,Norovirus,5,18.79851254721882
LTCH,Metapneumovirus,7,20.919030141470248
Hospital-Psychiatric,Parainfluenza,9,18.078096859045665
Hospital−Acute Care,Metapneumovirus,8,10.49885761393358
Hospital−Acute Care,Respiratory syncytial virus,10,-3.1054314080152388
Hospital-Psychiatric,COVID-19,11,1.5558720522111944
Hospital−Acute Care,Influenza,5,26.82711589670182
LTCH,COVID-19,3,4.8224878886998415
Retirement Home,Parainfluenza,6,35.4560353663754
Hospital-Chronic Care,Coronavirus,3,5.435240789919771
LTCH,Coronavirus,5,15.335037988798234
Hospital-Chronic Care,COVID-19,1,32.06306452591971
Hospital-Psychiatric,Influenza,4,22.652283700989553
Hospital-Psychiatric,Parainfluenza,3,21.064005071473044
Hospital-Chronic Care,COVID-19,6,17.50448375024527
Hospital−Acute Care,Enterovirus/Rhinovirus,8,29.469678247462035
Hospital-Psychiatric,Coronavirus,9,27.70977301453159
Retirement Home,Metapneumovirus,9,22.276078071590565
Hospital-Psychiatric,Parainfluenza,7,14.505133863154168
Hospital−Acute Care,Enterovirus/Rhinovirus,2,14.505666402274088
Retirement Home,Influenza,11,11.21004637099731
Retirement Home,Respiratory syncytial virus,10,9.163796624057873
LTCH,COVID-19,9,40.02387140905398
Retirement Home,Coronavirus,12,3.761722908801975
Hospital-Chronic Care,Respiratory syncytial virus,6,34.52679810107046
LTCH,COVID-19,11,-10.13007780329491
Retirement Home,Parainfluenza,11,6.619638271749923
Hospital−Acute Care,COVID-19,7,12.729873000737635
Hospital−Acute Care,Influenza,3,6.651941503434957
Hospital−Acute Care,Metapneumovirus,7,12.717525171458577
Retirement Home,COVID-19,9,7.1852024899200995
Hospital-Chronic Care,Coronavirus,12,19.707177813512192
Retirement Home,Influenza,6,6.329192191293243
Hospital-Chronic Care,Respiratory syncytial virus,7,15.416639713868545
Retirement Home,Parainfluenza,10,2.060649992182757
Hospital-Chronic Care,Enterovirus/Rhinovirus,1,43.843067621856584
Hospital−Acute Care,Metapneumovirus,9,-8.011911680985431
Hospital-Chronic Care,Norovirus,8,20.896486142771764
Hospital-Psychiatric,Influenza,4,6.2796778091358005
Retirement Home,Metapneumovirus,5,11.536978451739067
Hospital-Chronic Care,Norovirus,4,20.2510357596884
Hospital-Chronic Care,Norovirus,10,-3.7107471080356156
Retirement Home,Coronavirus,11,9.712226933784226
Retirement Home,Coronavirus,10,21.349082889794705
LTCH,Coronavirus,9,18.31830102195312
Hospital−Acute Care,Enterovirus/Rhinovirus,3,43.63852858641424
Retirement Home,COVID-19,2,31.224529869814553
Hospital−Acute Care,Metapneumovirus,11,19.952261224992267
Hospital−Acute Care,Coronavirus,5,20.499309019652056
LTCH,Enterovirus/Rhinovirus,2,11.892592965049325
Hospital−Acute Care,Enterovirus/Rhinovirus,3,13.098678496541899
Hospital-Psychiatric,Parainfluenza,2,0.4499849521769441
Retirement Home,Respiratory syncytial virus,10,35.04749911750869
LTCH,Norovirus,3,3.207280697120016
LTCH,Influenza,4,-0.42744121084192876
Retirement Home,Parainfluenza,12,-1.0973686883316045
LTCH,Influenza,10,11.783751912360252
Hospital-Psychiatric,Coronavirus,3,16.621914507869306
Hospital−Acute Care,Norovirus,4,18.236278082019677
Hospital-Psychiatric,Metapneumovirus,3,17.583240787882808
Hospital-Chronic Care,COVID-19,10,7.379083947514928
Hospital-Psychiatric,Metapneumovirus,11,-1.908609942808658
Hospital−Acute Care,Enterovirus/Rhinovirus,8,22.74315502304077
Hospital-Chronic Care,Parainfluenza,11,20.648310047756798
Retirement Home,Respiratory syncytial virus,9,6.71287928114219
Retirement Home,Respiratory syncytial virus,10,15.929935014043057
Hospital-Chronic Care,Parainfluenza,4,13.876324492579712
Hospital-Chronic Care,Influenza,5,13.252942765571094
Hospital-Chronic Care,COVID-19,4,17.455248672753285
Hospital−Acute Care,Metapneumovirus,11,-5.066895306466314
Hospital-Chronic Care,Enterovirus/Rhinovirus,11,25.85037966099573
Hospital−Acute Care,Coronavirus,6,3.3143654252773675
LTCH,Enterovirus/Rhinovirus,6,34.62937794948288
LTCH,COVID-19,4,-4.905108833806047
Retirement Home,Metapneumovirus,12,22.137459579431976
Retirement Home,Parainfluenza,5,-0.44090812377057276
Hospital−Acute Care,COVID-19,12,2.451362816859959
Retirement Home,Parainfluenza,12,16.671671466656594
Retirement Home,Enterovirus/Rhinovirus,12,13.74356863541762
Retirement Home,Norovirus,12,9.972930965457444
Retirement Home,Metapneumovirus,1,26.308102209083927
Hospital-Chronic Care,Coronavirus,1,26.824707708526685
LTCH,Respiratory syncytial virus,1,6.414213546968249
Hospital-Psychiatric,Influenza,4,27.44625940889938
LTCH,Parainfluenza,5,14.467036453437217
Hospital−Acute Care,Influenza,5,26.830472090515954
LTCH,Parainfluenza,1,9.041445326911372
Hospital-Psychiatric,Influenza,4,-7.7964664128388925
Retirement Home,Influenza,9,12.235395779463133
Hospital-Psychiatric,COVID-19,3,36.6103679146368
Hospital-Psychiatric,Enterovirus/Rhinovirus,6,-0.1727174547808854
Retirement Home,Parainfluenza,7,-4.986267168045089
Hospital-Chronic Care,Respiratory syncytial virus,8,21.249280757532908
Hospital−Acute Care,Norovirus,5,11.425323262701701
Retirement Home,Metapneumovirus,12,20.090312525216333
Hospital-Psychiatric,Metapneumovirus,8,14.368729810173688
Hospital-Chronic Care,Coronavirus,12,-0.5400847585371729
Hospital-Psychiatric,Influenza,2,23.362393608009384
Hospital-Chronic Care,Norovirus,2,-2.9333267807327736
Hospital−Acute Care,COVID-19,7,-7.998166777320463
LTCH,Norovirus,10,-1.7385057812481008
Retirement Home,Respiratory syncytial virus,5,45.05351184970398
Retirement Home,Coronavirus,12,16.31112837573691
Hospital-Psychiatric,Influenza,11,8.829591681748298
Hospital-Chronic Care,Influenza,10,31.12958893897671
LTCH,Metapneumovirus,9,16.019862646401165
Hospital-Psychiatric,Coronavirus,4,24.526515284712556
Hospital−Acute Care,Norovirus,1,13.468397444507863
Retirement Home,Metapneumovirus,9,12.00142764983637
Hospital-Chronic Care,Parainfluenza,10,13.392790594629195
Hospital-Psychiatric,Coronavirus,4,35.134130768274545
Hospital-Chronic Care,Influenza,7,18.2442312769805
LTCH,Coronavirus,8,3.518972835896651
Retirement Home,Coronavirus,3,32.47645943395801
Hospital−Acute Care,Coronavirus,1,12.718489074934334
Hospital-Chronic Care,Coronavirus,11,31.26314033144076
Hospital-Psychiatric,Norovirus,4,19.327150858311803
Hospital-Psychiatric,Enterovirus/Rhinovirus,2,14.898373309366546
LTCH,Parainfluenza,4,18.348973336977444
Retirement Home,Norovirus,6,11.167879080133035
LTCH,Parainfluenza,4,19.741269019637137
Hospital-Chronic Care,Enterovirus/Rhinovirus,9,31.629881609925782
Retirement Home,Respiratory syncytial virus,10,7.087802629848984
LTCH,Metapneumovirus,5,25.19889215220346
Retirement Home,Norovirus,3,32.812050504670665
Hospital-Psychiatric,Norovirus,3,36.80677352601625
Hospital-Chronic Care,Parainfluenza,2,20.630944790407717
Hospital-Psychiatric,Enterovirus/Rhinovirus,1,17.594175714444074
Hospital-Chronic Care,Enterovirus/Rhinovirus,6,-4.9279911470339535
LTCH,Coronavirus,11,26.02634431413216
Hospital-Chronic Care,Norovirus,3,38.30861823273596
Hospital-Chronic Care,Metapneumovirus,12,3.122758315711856
Hospital-Psychiatric,Respiratory syncytial virus,10,26.956428029050876
Retirement Home,Parainfluenza,12,-2.8128983892534407
Hospital−Acute Care,Respiratory syncytial virus,1,17.034519955628838
Hospital-Chronic Care,Norovirus,4,-10.716361523958337
Hospital−Acute Care,Metapneumovirus,11,-3.163372665862507
Hospital-Psychiatric,Norovirus,1,15.770333167989678
LTCH,Norovirus,6,3.698183061440158
Hospital-Psychiatric,Influenza,4,21.56122691897139
Hospital-Psychiatric,COVID-19,1,-13.091569891483033
Hospital-Chronic Care,Metapneumovirus,2,18.443264845731136
Hospital-Chronic Care,Respiratory syncytial virus,3,6.537718658791346
Retirement Home,Enterovirus/Rhinovirus,12,28.857913615227066
Retirement Home,COVID-19,1,-15.690427436924807
Hospital-Psychiatric,Parainfluenza,2,-4.977283441583172
Hospital-Psychiatric,Norovirus,5,3.249323187007745
LTCH,Coronavirus,10,16.432323532445963
Hospital−Acute Care,Parainfluenza,4,23.707328256176204
LTCH,Coronavirus,2,29.504639769876224
Hospital-Psychiatric,Parainfluenza,11,8.023054826401117
Hospital-Psychiatric,COVID-19,9,-11.993438122232916
Retirement Home,Respiratory syncytial virus,8,16.57090017213754
Hospital-Psychiatric,Parainfluenza,1,-5.190972927556807
Retirement Home,Norovirus,12,27.19872220761756
Hospital-Chronic Care,Influenza,11,16.588436603894184
Retirement Home,Parainfluenza,1,15.312261318861061
Hospital-Psychiatric,Respiratory syncytial virus,1,11.989317482292268
Hospital-Psychiatric,Enterovirus/Rhinovirus,12,6.349664957918639
Hospital-Chronic Care,COVID-19,10,-5.798584488992947
Hospital−Acute Care,Respiratory syncytial virus,5,-7.6690725838648675
LTCH,COVID-19,7,12.426091319060198
Hospital-Psychiatric,Coronavirus,10,8.439299279626141
Hospital−Acute Care,Influenza,1,39.884647297293185
LTCH,Parainfluenza,4,-11.586833274210154
Hospital−Acute Care,Norovirus,4,12.645996770347395
LTCH,Enterovirus/Rhinovirus,8,-8.928031006692645
Hospital-Chronic Care,Enterovirus/Rhinovirus,4,16.90900299158477
Hospital-Psychiatric,Parainfluenza,7,10.17790770393269
Hospital-Psychiatric,COVID-19,11,0.861446659363434
Hospital−Acute Care,Norovirus,12,34.87562672195892
Retirement Home,Enterovirus/Rhinovirus,11,34.13858601254512
Hospital-Chronic Care,Influenza,2,9.342663300602677
Hospital-Chronic Care,COVID-19,8,2.9202542001903975
Hospital-Psychiatric,Metapneumovirus,5,16.130023832496555
LTCH,Metapneumovirus,5,12.129566176749492
Hospital-Psychiatric,Respiratory syncytial virus,5,7.394517966653015
Hospital−Acute Care,Respiratory syncytial virus,11,27.394812883462063
Hospital-Chronic Care,COVID-19,10,29.51013254039803
Hospital−Acute Care,Metapneumovirus,2,1.6268259848650963
LTCH,Respiratory syncytial virus,12,14.518779209713605
LTCH,Metapneumovirus,3,4.735977176958112
Hospital−Acute Care,Respiratory syncytial virus,12,7.625393489415721
LTCH,Parainfluenza,12,17.189025309772596
Hospital−Acute Care,COVID-19,9,28.61652683441408
Hospital−Acute Care,COVID-19,9,1.622911761601598
Retirement Home,Parainfluenza,12,3.7277511692175818
Hospital−Acute Care,COVID-19,12,13.972769802627031
Hospital−Acute Care,Metapneumovirus,5,24.333130455551707
Hospital-Psychiatric,Parainfluenza,10,11.631646103253223
Hospital-Chronic Care,COVID-19,9,-5.694433350249906
Hospital−Acute Care,Coronavirus,1,26.319306527270026
Hospital-Chronic Care,Respiratory syncytial virus,3,19.134221300159933
Retirement Home,Enterovirus/Rhinovirus,2,22.76002674333602
Hospital−Acute Care,Norovirus,7,19.333540339807197
Retirement Home,Norovirus,7,41.23330830679845
Hospital-Psychiatric,Influenza,6,43.79403033295657
Retirement Home,COVID-19,4,-8.891686630159136
Retirement Home,COVID-19,4,0.2353919611775126
LTCH,Respiratory syncytial virus,9,10.158427148515155
Retirement Home,Coronavirus,8,26.285037077503155
LTCH,Parainfluenza,2,23.2526131587855
LTCH,Coronavirus,7,25.741910736224007
Hospital-Chronic Care,Influenza,4,-16.883559207864344
LTCH,Enterovirus/Rhinovirus,7,3.5171809802658967
Hospital-Chronic Care,Respiratory syncytial virus,3,8.324662194675428
LTCH,COVID-19,8,-3.0326390338275075
Hospital-Psychiatric,COVID-19,1,5.759568064569404
Hospital−Acute Care,Influenza,12,3.693663457553523
Retirement Home,Parainfluenza,12,25.367802028419852
LTCH,Influenza,8,19.837276563377717
Retirement Home,Coronavirus,9,29.813477422194023
LTCH,Enterovirus/Rhinovirus,6,14.310997629746636
Hospital−Acute Care,Respiratory syncytial virus,3,22.988893595751133
Retirement Home,Coronavirus,7,22.058212006654074
Hospital-Chronic Care,Metapneumovirus,3,9.588205932747336
Hospital-Chronic Care,Coronavirus,11,10.424153769642523
Retirement Home,Respiratory syncytial virus,11,30.078615379868527
Hospital-Psychiatric,Norovirus,3,11.710476032297137
Retirement Home,Norovirus,6,45.48321862270383
Hospital-Psychiatric,Parainfluenza,5,-5.7095674526569695
Hospital-Psychiatric,COVID-19,9,-11.544484844637342
Hospital-Chronic Care,Coronavirus,9,48.259441377720854
Hospital−Acute Care,Norovirus,12,19.20949797049425
Hospital-Chronic Care,Influenza,5,34.12208289410148
Retirement Home,Coronavirus,2,10.432153050313875
Hospital−Acute Care,Respiratory syncytial virus,4,5.218223678883335
LTCH,Coronavirus,10,24.048726873055998
LTCH,COVID-19,2,3.6134255271823754
Hospital-Chronic Care,Metapneumovirus,1,41.17213915232078
Hospital-Psychiatric,COVID-19,2,1.2049702357557166
LTCH,Enterovirus/Rhinovirus,2,21.77690904601526
LTCH,Enterovirus/Rhinovirus,9,-2.4038219336253306
LTCH,Metapneumovirus,4,4.705869327828607
Hospital−Acute Care,Respiratory syncytial virus,8,3.6963435264287803
Hospital-Psychiatric,Coronavirus,5,21.191453890572813
LTCH,Coronavirus,12,31.23133723780174
Hospital−Acute Care,Influenza,4,17.43924030055703
Retirement Home,Metapneumovirus,2,0.663582504305273
Retirement Home,Metapneumovirus,6,9.772146923761165
Hospital-Chronic Care,Metapneumovirus,1,26.821634754326407
LTCH,Enterovirus/Rhinovirus,12,-13.520890537978673
Hospital−Acute Care,Influenza,6,1.4566210091105454
Hospital-Psychiatric,Norovirus,2,-5.02049122340658
LTCH,Influenza,10,42.666983458080935
Hospital-Chronic Care,Enterovirus/Rhinovirus,2,17.655709590088907
Retirement Home,Norovirus,12,6.315739408764417
Hospital-Psychiatric,Coronavirus,6,23.966002024156175
Hospital-Chronic Care,COVID-19,9,21.18901294845884
Retirement Home,COVID-19,4,18.170212283307503
Hospital-Chronic Care,COVID-19,6,-2.7836046287960414
Retirement Home,Metapneumovirus,9,17.485429247956624
Retirement Home,Coronavirus,1,16.53910684478633
LTCH,Respiratory syncytial virus,7,14.767746218464605
LTCH,Coronavirus,10,1.6012743200378576
Hospital-Psychiatric,COVID-19,11,25.070295159310465
LTCH,Respiratory syncytial virus,9,25.930444170098937
Hospital-Chronic Care,Coronavirus,10,20.9195292321419
Hospital-Psychiatric,Coronavirus,4,24.59077977202832
Hospital-Chronic Care,Coronavirus,4,12.830458850644614
LTCH,Influenza,4,2.344693091574289
Hospital−Acute Care,Coronavirus,3,-18.644195053871925
LTCH,Coronavirus,11,32.71198702137002
Hospital-Psychiatric,Parainfluenza,5,8.721757016733253
Hospital-Psychiatric,Coronavirus,2,10.566107718570258
Hospital-Chronic Care,Influenza,9,11.353707877396454
Hospital-Chronic Care,Enterovirus/Rhinovirus,1,15.066725002348223
Hospital-Psychiatric,Influenza,11,23.036802606346093
Retirement Home,Norovirus,11,18.213870406604105
Hospital-Psychiatric,Respiratory syncytial virus,5,-15.50399092942212
Retirement Home,Metapneumovirus,7,15.650293128042284
Hospital-Chronic Care,Parainfluenza,4,29.280722258315944
LTCH,Enterovirus/Rhinovirus,9,16.55743535775177
Hospital-Chronic Care,COVID-19,11,13.431212143765029
Hospital−Acute Care,Parainfluenza,2,15.019390878152883
Hospital-Chronic Care,Metapneumovirus,10,21.177047607628342
Hospital−Acute Care,Respiratory syncytial virus,1,-1.355583125367417
Hospital-Psychiatric,Norovirus,12,1.9208156187789314
Hospital-Psychiatric,COVID-19,2,-7.374409018602119
Hospital−Acute Care,COVID-19,8,-10.581206604064718
Retirement Home,Enterovirus/Rhinovirus,5,-17.363864670180646
Hospital-Chronic Care,Parainfluenza,10,-1.9637133315474493
Hospital-Psychiatric,Influenza,4,-12.502316866399099
LTCH,Metapneumovirus,6,33.04260865698149
Retirement Home,Coronavirus,10,5.261748146177604
LTCH,Enterovirus/Rhinovirus,3,18.754707460594148
Hospital-Chronic Care,Parainfluenza,3,25.562646863005455
Retirement Home,Norovirus,7,7.800774766430073
Hospital−Acute Care,Respiratory syncytial virus,11,11.995734195600356
LTCH,Coronavirus,5,-5.954622724034799
Hospital-Chronic Care,Influenza,1,-0.8655895074399034
Hospital−Acute Care,Coronavirus,9,13.399863609571712
Hospital−Acute Care,Parainfluenza,10,6.7492650092543105
Hospital−Acute Care,Coronavirus,5,10.334296178025117
Retirement Home,Influenza,4,12.428106105599838
Hospital−Acute Care,Enterovirus/Rhinovirus,6,-6.634936145821317
LTCH,Norovirus,6,31.355514315640484
LTCH,Respiratory syncytial virus,11,35.83067947818313
LTCH,COVID-19,6,15.713837849379136
Retirement Home,Respiratory syncytial virus,7,14.822701833771948
Hospital-Psychiatric,Parainfluenza,3,40.10409669516589
Hospital-Psychiatric,Norovirus,1,-12.695326454519943
Retirement Home,Coronavirus,12,15.636222694060978
Hospital-Chronic Care,Metapneumovirus,11,-8.749273637796236
LTCH,Enterovirus/Rhinovirus,12,8.40238694646537
Retirement Home,Enterovirus/Rhinovirus,10,10.941239669944272
Retirement Home,Norovirus,11,17.363637517118022
Hospital−Acute Care,Parainfluenza,8,9.749765683901245
LTCH,Enterovirus/Rhinovirus,1,-17.061919155081483
Hospital−Acute Care,COVID-19,9,21.25258204845986
Hospital-Psychiatric,COVID-19,10,31.861095025561156
Retirement Home,Parainfluenza,4,30.89069771584191
Hospital−Acute Care,COVID-19,2,17.0994229983674
Hospital-Psychiatric,Norovirus,1,23.535912554048334
Hospital-Chronic Care,Coronavirus,2,14.916935610002787
LTCH,Respiratory syncytial virus,7,11.03612267192651
LTCH,Metapneumovirus,12,-7.353055336158942
Hospital-Psychiatric,Coronavirus,3,2.3570994363348152
Hospital-Psychiatric,COVID-19,6,-8.899928504610155
LTCH,Norovirus,2,24.675855468824917
Retirement Home,Parainfluenza,10,14.934280886052125
Retirement Home,Metapneumovirus,12,23.827437160578334
Retirement Home,Parainfluenza,7,27.80069235149387
Hospital−Acute Care,Enterovirus/Rhinovirus,10,6.244103637539579
Retirement Home,Coronavirus,4,31.66091138119235
Hospital−Acute Care,Metapneumovirus,7,3.229704515002547
Retirement Home,Coronavirus,3,13.86691526863676
Hospital-Psychiatric,Respiratory syncytial virus,3,11.553952846646183
Hospital−Acute Care,Respiratory syncytial virus,5,1.3636089137229845
Hospital−Acute Care,Respiratory syncytial virus,9,5.44922233071644
Hospital−Acute Care,Respiratory syncytial virus,12,16.97027321281026
Retirement Home,Parainfluenza,5,2.631707591283833
Hospital-Psychiatric,Norovirus,4,7.339361426173602
Hospital-Psychiatric,Parainfluenza,9,9.50748659734053
Hospital-Chronic Care,Respiratory syncytial virus,12,10.98984883000514
LTCH,Respiratory syncytial virus,12,12.757140314981728
Retirement Home,Influenza,10,10.584068543178377
LTCH,Enterovirus/Rhinovirus,11,19.013489696923862
Hospital-Psychiatric,Coronavirus,11,21.77313333432745
Hospital-Psychiatric,COVID-19,5,15.595728644275564
Hospital−Acute Care,Influenza,2,38.122277114479004
Hospital-Psychiatric,Coronavirus,4,22.52769124244371
Hospital-Psychiatric,Enterovirus/Rhinovirus,7,32.25006961926408
Retirement Home,Influenza,6,11.555952559467407
Hospital-Psychiatric,Coronavirus,7,19.8487659033449
Hospital-Chronic Care,Enterovirus/Rhinovirus,6,32.38396265553854
Hospital−Acute Care,Respiratory syncytial virus,3,5.754942508694596
LTCH,Parainfluenza,8,20.455466820766325
Retirement Home,Influenza,5,10.360532187014705
Retirement Home,COVID-19,1,10.78656651711325
Hospital-Psychiatric,Enterovirus/Rhinovirus,6,5.419190589541509
Hospital-Chronic Care,Coronavirus,8,52.744090861992234
LTCH,Parainfluenza,6,28.788996940078
Hospital-Chronic Care,Norovirus,10,16.85374141307696
Hospital-Chronic Care,Parainfluenza,5,4.075817549241123
LTCH,Respiratory syncytial virus,4,7.218354012275383
Hospital-Chronic Care,Respiratory syncytial virus,9,-3.2302998258538054
Hospital-Psychiatric,Norovirus,7,18.76930617256682
Hospital−Acute Care,Metapneumovirus,12,27.805152373463695
Retirement Home,Coronavirus,8,19.522500308893328
Retirement Home,Influenza,1,17.832557543573778
Hospital−Acute Care,Enterovirus/Rhinovirus,11,39.09879930197255
Hospital−Acute Care,Coronavirus,10,32.202275335402014
Retirement Home,Metapneumovirus,12,7.614869377799436
LTCH,Norovirus,12,17.683932866981046
Hospital-Chronic Care,Respiratory syncytial virus,3,9.571277396119319
Retirement Home,COVID-19,10,20.34781729318293
Hospital-Chronic Care,Enterovirus/Rhinovirus,12,25.376756838819162
Hospital−Acute Care,COVID-19,1,9.52823260784384
Hospital-Psychiatric,Respiratory syncytial virus,4,33.56224970399619
Retirement Home,Coronavirus,10,7.516566220332651
Hospital−Acute Care,Coronavirus,1,11.142090292019509
Hospital-Psychiatric,Respiratory syncytial virus,1,-0.36416760532832804
Hospital−Acute Care,Parainfluenza,6,10.886946818649552
LTCH,Respiratory syncytial virus,6,8.211714866508135
Retirement Home,COVID-19,4,10.823731491194094
Hospital−Acute Care,Metapneumovirus,2,1.2329872763449679
Hospital−Acute Care,Coronavirus,4,11.13891246090586
LTCH,Norovirus,11,5.565245962640631
Hospital−Acute Care,Metapneumovirus,12,17.361855132079626
Retirement Home,COVID-19,5,30.40224410468487
Hospital-Chronic Care,Enterovirus/Rhinovirus,1,6.969882370091751
LTCH,Coronavirus,9,7.597096283607488
LTCH,Respiratory syncytial virus,4,11.006000782715889
Hospital-Chronic Care,Norovirus,10,11.306004604642583
Hospital-Chronic Care,Respiratory syncytial virus,1,22.557403313751458
LTCH,Influenza,1,10.860368832005392
Retirement Home,Parainfluenza,12,17.297189824697327
Retirement Home,Metapneumovirus,11,11.219164046428673
Hospital-Psychiatric,COVID-19,11,-0.9743736333216972
Retirement Home,Respiratory syncytial virus,10,10.076367403081113
Hospital−Acute Care,COVID-19,8,12.075268996701475
LTCH,COVID-19,5,-6.440246140672475
Retirement Home,COVID-19,10,23.10664623652177
Retirement Home,Enterovirus/Rhinovirus,12,-12.276496567735375
Retirement Home,Influenza,9,-2.6588908923586025
Hospital-Chronic Care,Influenza,3,4.70470841155139
LTCH,Norovirus,5,21.89755414065318
Retirement Home,Enterovirus/Rhinovirus,9,34.72760463042819
Hospital-Psychiatric,Respiratory syncytial virus,1,24.466369681935067
Retirement Home,Parainfluenza,12,-0.5972839177645852
Hospital−Acute Care,Respiratory syncytial virus,2,39.214046790871656
LTCH,Coronavirus,7,24.624782190757784
Hospital−Acute Care,Metapneumovirus,9,9.913073027545535
LTCH,Metapneumovirus,1,54.989126914845926
Hospital-Chronic Care,Enterovirus/Rhinovirus,9,48.363258191772175
Retirement Home,Parainfluenza,3,24.707083866353294
Hospital−Acute Care,Metapneumovirus,8,31.747033272859777
LTCH,Parainfluenza,8,-1.0280362334032187
Hospital-Chronic Care,Metapneumovirus,1,10.639242317924698
Hospital-Psychiatric,Parainfluenza,9,25.017169220829764
Hospital−Acute Care,Parainfluenza,10,13.326006966869665
Retirement Home,Enterovirus/Rhinovirus,9,32.82768710269491
Hospital−Acute Care,Respiratory syncytial virus,5,0.47839863504345104
Retirement Home,COVID-19,4,-9.529471326577891
Hospital-Psychiatric,Influenza,4,42.65709024288277
Hospital-Psychiatric,Influenza,5,19.69639207690382
Hospital-Chronic Care,COVID-19,9,3.1305605831184646
Hospital-Psychiatric,Enterovirus/Rhinovirus,1,5.812552685127658
Retirement Home,Enterovirus/Rhinovirus,2,17.234109470530022
Hospital−Acute Care,Influenza,2,32.50052497783735
LTCH,COVID-19,8,10.701076158269046
Retirement Home,Enterovirus/Rhinovirus,5,2.7947111037197896
Retirement Home,Metapneumovirus,1,21.116105975238224
Retirement Home,Respiratory syncytial virus,12,7.889440202743422
Retirement Home,COVID-19,8,40.29751606888485
Hospital-Psychiatric,Metapneumovirus,6,13.74529064556823
Hospital-Psychiatric,Metapneumovirus,2,5.834582029682306
Hospital−Acute Care,Coronavirus,6,53.12834691570861
Hospital−Acute Care,Respiratory syncytial virus,3,8.288242940428884
Hospital−Acute Care,Metapneumovirus,7,24.297459438827698
Hospital-Psychiatric,Respiratory syncytial virus,10,-21.626128770324108
Retirement Home,Metapneumovirus,12,6.087249553320557
Retirement Home,Influenza,4,1.3003619114070624
Retirement Home,Metapneumovirus,7,7.427032534115778
Retirement Home,COVID-19,9,13.748526012636514
Retirement Home,Respiratory syncytial virus,6,-8.169410752357393
LTCH,Metapneumovirus,3,37.79816697238965
LTCH,Coronavirus,2,6.497363414336448
LTCH,COVID-19,4,33.02724082258181
Hospital-Psychiatric,Influenza,8,9.914439456176382
Hospital-Psychiatric,Respiratory syncytial virus,3,-16.199983989785096
Hospital-Chronic Care,Norovirus,8,-10.348015796261947
Hospital-Psychiatric,Metapneumovirus,5,7.747410082740735
Hospital-Psychiatric,Coronavirus,10,-26.760396584187426
Retirement Home,Norovirus,10,32.20615577626427
Hospital−Acute Care,Norovirus,2,30.558046988094326
Retirement Home,Enterovirus/Rhinovirus,5,-1.2015321678194901
Hospital−Acute Care,Influenza,5,-0.41187069377594376
Hospital-Psychiatric,Metapneumovirus,2,36.91643491911727
LTCH,Enterovirus/Rhinovirus,8,7.158349173775893
LTCH,COVID-19,7,25.50421088394728
LTCH,Enterovirus/Rhinovirus,4,10.098521293182113
Retirement Home,Coronavirus,10,25.680333375383157
Hospital−Acute Care,COVID-19,3,5.461174392720164
Retirement Home,COVID-19,8,31.107917664936853
Hospital-Chronic Care,COVID-19,1,21.178678746011222
LTCH,Enterovirus/Rhinovirus,4,20.85585476633153
LTCH,Influenza,1,-22.14777421107501
Hospital-Psychiatric,COVID-19,5,25.713290464839073
Hospital-Psychiatric,Norovirus,11,16.106398663199887
LTCH,Parainfluenza,8,17.668523409623127
Retirement Home,COVID-19,5,6.556126281591472
Retirement Home,Parainfluenza,10,12.34717982565509
LTCH,Enterovirus/Rhinovirus,11,-5.161732310103655
Retirement Home,Parainfluenza,11,31.08512130444661
LTCH,Parainfluenza,2,10.937261108743227
Hospital-Psychiatric,Influenza,6,17.629093229812366
Hospital−Acute Care,COVID-19,4,-4.083326284446699
Retirement Home,COVID-19,8,11.256666074048042
Hospital-Chronic Care,Metapneumovirus,12,-16.235753952217472
Hospital−Acute Care,Enterovirus/Rhinovirus,7,18.812550508137882
Hospital−Acute Care,Parainfluenza,5,1.0167052375166339
Hospital-Chronic Care,COVID-19,9,25.34061409151667
Hospital-Psychiatric,Norovirus,9,36.987360954679026
Retirement Home,COVID-19,1,11.301896301256836
Hospital-Chronic Care,Coronavirus,9,15.08074088067498
Hospital−Acute Care,Enterovirus/Rhinovirus,12,15.186926386719449
Hospital-Chronic Care,Coronavirus,1,-0.9563127722335913
Hospital-Chronic Care,COVID-19,2,-16.181284027468244
LTCH,Coronavirus,11,21.078130348696963
Retirement Home,Norovirus,3,-5.719572296893794
LTCH,Norovirus,5,22.10628408644351
LTCH,COVID-19,7,17.279837675047222
LTCH,Enterovirus/Rhinovirus,12,0.07338147305263121
LTCH,Coronavirus,11,28.414000307024885
Hospital-Psychiatric,Parainfluenza,7,34.08203726432876
LTCH,Metapneumovirus,11,-1.7239268871673517
Hospital-Chronic Care,Coronavirus,9,30.2622517591736
LTCH,Influenza,12,33.874918965106104
LTCH,Influenza,11,28.854532828525468
Hospital-Psychiatric,Influenza,6,-0.8610350193301954
Hospital-Chronic Care,COVID-19,7,15.117386286163843
Hospital−Acute Care,Parainfluenza,12,-0.669950931101372
Hospital-Chronic Care,Influenza,3,26.477683249335286
Hospital-Chronic Care,COVID-19,8,23.84071751835693
Hospital-Chronic Care,Influenza,4,3.5412215854616544
LTCH,Norovirus,3,-0.7556224816498407
Hospital-Psychiatric,Enterovirus/Rhinovirus,5,27.201173913738902
Hospital−Acute Care,Coronavirus,12,13.489465508282523
Hospital-Psychiatric,Metapneumovirus,6,24.688270810998745
Hospital-Psychiatric,Respiratory syncytial virus,7,11.63805234588229
Hospital-Psychiatric,Coronavirus,7,27.566929810848386
Retirement Home,Metapneumovirus,12,41.73809933168019
Hospital-Chronic Care,Parainfluenza,8,23.63894954390016
Retirement Home,Norovirus,6,16.7285951576427
Hospital−Acute Care,Influenza,7,9.061554296460223
Hospital-Chronic Care,Metapneumovirus,2,21.03194804588994
Retirement Home,Respiratory syncytial virus,6,12.508452396253691
Retirement Home,Influenza,9,8.502142880392542
Hospital-Chronic Care,Parainfluenza,12,22.526748686464664
Hospital-Chronic Care,Respiratory syncytial virus,5,-8.523919777760987
Retirement Home,Coronavirus,6,34.13853076911924
LTCH,COVID-19,12,30.519694687072914
Hospital−Acute Care,Respiratory syncytial virus,6,15.348264405496131
Hospital-Psychiatric,Influenza,3,17.808223657085286
LTCH,Parainfluenza,6,-4.22612551494991
Hospital−Acute Care,COVID-19,3,5.428421327183759
LTCH,Metapneumovirus,4,-7.376806595994452
LTCH,COVID-19,10,9.884008706996879
Hospital−Acute Care,Respiratory syncytial virus,5,24.396241104049835
LTCH,Respiratory syncytial virus,12,37.85068809909387
Hospital-Psychiatric,COVID-19,1,24.953253027228904
Hospital−Acute Care,Metapneumovirus,4,9.796400745080572
Hospital−Acute Care,Respiratory syncytial virus,12,1.4928121916486035
Retirement Home,Influenza,9,9.665107975346714
Hospital-Chronic Care,Enterovirus/Rhinovirus,1,43.36576539409338
Hospital-Chronic Care,Parainfluenza,10,10.685865313962132
Hospital-Psychiatric,Influenza,12,28.302320513442105
Hospital-Chronic Care,Enterovirus/Rhinovirus,7,22.333997558582958
Hospital-Chronic Care,Coronavirus,8,21.301468211339092
Hospital−Acute Care,Respiratory syncytial virus,11,42.98856064638385
Hospital-Psychiatric,Norovirus,3,-0.5077293827619123
Hospital−Acute Care,Parainfluenza,10,-1.9374598281397049
Hospital−Acute Care,Parainfluenza,9,7.96880535108012
Hospital-Chronic Care,Enterovirus/Rhinovirus,9,17.01445745958003
Retirement Home,COVID-19,2,23.440105161455445
Hospital-Psychiatric,COVID-19,6,-9.402592783398799
Hospital-Chronic Care,Influenza,9,15.871578061310663
LTCH,Influenza,11,21.278537160564277
Hospital-Chronic Care,Influenza,6,23.143623379464366
Retirement Home,Parainfluenza,11,11.80374869613231
LTCH,Parainfluenza,7,-11.128339683675353
Hospital−Acute Care,Parainfluenza,12,-18.080232253171822
LTCH,Enterovirus/Rhinovirus,2,4.396474586557147
Hospital-Chronic Care,Norovirus,6,27.007328624361477
Retirement Home,Influenza,1,16.81905606585381
Retirement Home,Norovirus,3,12.30391113547153
Retirement Home,Coronavirus,8,11.720328241705477
Hospital-Psychiatric,Metapneumovirus,12,24.678807312466787
Hospital-Psychiatric,Respiratory syncytial virus,4,14.2450907668752
